source_geocode,target_geocode
1100015,1100296
1100015,1100288
1100023,1100601
1100023,1100452
1100023,1100403
1100049,1100288
1100049,1101203
1100049,5107578
1100098,5105150
1100106,1100320
1100114,1101302
1100122,1100254
1100130,1301704
1100130,1303304
1100130,1302702
1100148,1100254
1100155,1101559
1100155,1101435
1100189,1100924
1100205,1100338
1100205,1101104
1100205,1300904
1100254,1100148
1100254,1101708
1100254,1100122
1100262,1100940
1100288,1100015
1100288,1100049
1100296,1100015
1100320,1100106
1100338,1100205
1100403,1101401
1100403,1100452
1100403,1100023
1100403,1100940
1100403,1100809
1100452,1100023
1100452,1100403
1100502,1100908
1100601,1100023
1100809,1100403
1100809,1100940
1100908,1100502
1100924,1100189
1100940,1100403
1100940,1100262
1100940,1100809
1101104,1100205
1101203,1100049
1101302,1100114
1101401,1100403
1101435,1100155
1101559,1100155
1101708,1100254
1200013,1200385
1200104,1200401
1200104,1200500
1200203,1200336
1200302,1200435
1200328,1200351
1200336,1200203
1200336,1300201
1200344,1200500
1200351,1200328
1200351,1200609
1200385,1200013
1200393,1200609
1200401,1200104
1200435,1200302
1200500,1200104
1200500,1200344
1200609,1200351
1200609,1200393
1300029,1302207
1300029,1304260
1300060,1303908
1300086,1300631
1300102,1304104
1300144,1503754
1300201,1200336
1300300,1301159
1300409,1301209
1300409,1301308
1300508,1302900
1300607,1301803
1300607,1301407
1300607,1303908
1300607,1302306
1300607,1304062
1300631,1301100
1300631,1300086
1300631,1302504
1300680,1301902
1300805,1302702
1300805,1302553
1300904,1100205
1301001,1301951
1301001,1304104
1301100,1300631
1301100,1301159
1301159,1300300
1301159,1301100
1301159,1302553
1301209,1304104
1301209,1300409
1301308,1302801
1301308,1300409
1301407,1300607
1301506,1303502
1301506,1301951
1301654,1301803
1301704,1100130
1301704,1304104
1301803,1301654
1301803,1300607
1301852,1303205
1301902,1302900
1301902,1300680
1301902,1302603
1301902,1302009
1301951,1302405
1301951,1301506
1301951,1301001
1301951,1302306
1302009,1301902
1302009,1304005
1302009,1303569
1302009,1303536
1302108,1302801
1302207,1300029
1302306,1301951
1302306,1300607
1302306,1303908
1302405,1301951
1302504,1300631
1302504,1303205
1302553,1300805
1302553,1301159
1302603,1301902
1302702,1100130
1302702,1300805
1302801,1304203
1302801,1301308
1302801,1302108
1302900,1301902
1302900,1300508
1303205,1302504
1303205,1301852
1303304,5103254
1303304,1100130
1303403,1304302
1303502,1301506
1303536,1302009
1303536,1303957
1303569,1302009
1303700,1304237
1303908,1300607
1303908,1302306
1303908,1300060
1303957,1303536
1304005,1304401
1304005,1302009
1304062,1300607
1304104,1301704
1304104,1301001
1304104,1300102
1304104,1301209
1304203,1302801
1304237,1303700
1304260,1300029
1304302,1303403
1304302,1400472
1304302,1400506
1304401,1304005
1400050,1400100
1400100,1400175
1400100,1400050
1400159,1400209
1400175,1400282
1400175,1400308
1400175,1400100
1400209,1400233
1400209,1400282
1400209,1400159
1400233,1400209
1400282,1400209
1400282,1400175
1400308,1400175
1400472,1304302
1400506,1304302
1500107,1504703
1500131,1501576
1500206,1504422
1500206,1501501
1500305,1502509
1500347,1506161
1500347,1508407
1500347,1502772
1501006,1503903
1501105,1501204
1501204,1505809
1501204,1501105
1501253,1508407
1501303,1504703
1501303,1505700
1501402,1505700
1501402,1506351
1501451,1506807
1501501,1500206
1501501,1501907
1501576,1707405
1501576,2111532
1501576,1500131
1501600,1505007
1501600,1505601
1501725,1508159
1501782,1503093
1501808,1507706
1501907,1504422
1501907,1501501
1501956,2105658
1501956,1508308
1502004,1507003
1502004,1502608
1502202,1505601
1502400,1507607
1502400,1507003
1502400,1508209
1502400,1507102
1502509,1500305
1502509,1507904
1502608,1502004
1502608,1506302
1502764,1507300
1502772,1508407
1502772,1505635
1502772,1500347
1502855,1506807
1502905,1507961
1502905,1507102
1502939,2100055
1502954,1508407
1502954,1505635
1503044,1505551
1503044,1506138
1503093,1508100
1503093,1501782
1503101,1505908
1503200,1506906
1503408,1507607
1503408,1506500
1503457,1507953
1503606,1508050
1503754,1300144
1503754,1505031
1503804,1504976
1503903,1501006
1503903,1506807
1504000,1504901
1504109,1504307
1504208,1507508
1504307,1504109
1504307,1506203
1504422,1500206
1504422,1501907
1504455,1505908
1504455,1506005
1504604,1505205
1504703,1500107
1504703,1501303
1504901,1504000
1504950,1508308
1504976,1503804
1505007,1501600
1505007,1506906
1505031,1503754
1505031,5104104
1505205,1504604
1505437,1505536
1505486,1505809
1505494,1507458
1505536,1505437
1505551,1503044
1505601,1501600
1505601,1502202
1505601,1506104
1505601,1506906
1505635,1508407
1505635,1502772
1505635,1502954
1505635,1718865
1505700,1501303
1505700,1501402
1505809,1501204
1505809,1505486
1505908,1503101
1505908,1504455
1506005,1508159
1506005,1504455
1506104,1505601
1506112,1507474
1506138,1503044
1506161,1500347
1506203,1504307
1506302,1502608
1506351,1501402
1506500,1503408
1506708,1507300
1506708,5108600
1506807,1501451
1506807,1502855
1506807,1503903
1506906,1505007
1506906,1505601
1506906,1503200
1507003,1502400
1507003,1508209
1507003,1502004
1507102,1502400
1507102,1507961
1507102,1502905
1507300,1502764
1507300,1506708
1507458,1505494
1507466,1507961
1507474,1506112
1507508,1504208
1507508,2111532
1507607,1503408
1507607,1502400
1507706,1501808
1507904,1502509
1507953,1503457
1507961,1508209
1507961,1507466
1507961,1507102
1507961,1502905
1508050,1503606
1508100,1503093
1508159,1501725
1508159,1506005
1508209,1502400
1508209,1507003
1508209,1507961
1508308,1504950
1508308,1501956
1508407,1502772
1508407,1505635
1508407,1502954
1508407,1501253
1508407,1500347
1600204,1600238
1600238,1600550
1600238,1600204
1600550,1600238
1700251,1703107
1700301,1713809
1701051,1713809
1701903,1703909
1702109,1722081
1702109,1713957
1702554,1720804
1702901,1710706
1702901,1718303
1703008,1722081
1703107,1700251
1703701,1716604
1703800,1720309
1703909,1701903
1704105,1718881
1705508,1714880
1706506,1720002
1707405,1501576
1708205,1711902
1710706,1702901
1711902,1708205
1711902,1717503
1712702,1718659
1712702,2201309
1713601,1721000
1713809,2104057
1713809,1700301
1713809,1701051
1713957,1702109
1714880,1705508
1715150,5204904
1716604,1703701
1717503,1711902
1717909,1718659
1718303,1702901
1718659,1717909
1718659,1712702
1718808,2105302
1718865,1505635
1718881,1704105
1720002,1706506
1720309,1703800
1720309,2112852
1720804,1702554
1721000,1713601
1721208,2109007
1722081,1703008
1722081,1702109
2100055,2103257
2100055,1502939
2100105,2103208
2100154,2110609
2100154,2110237
2100204,2108405
2100303,2103406
2100303,2103208
2100402,2109908
2100436,2101202
2100477,2110005
2100477,2112274
2100550,2102903
2100550,2106201
2100600,2102358
2100600,2102325
2100600,2110005
2100709,2101004
2100709,2110203
2100709,2102408
2100808,2106672
2100832,2101301
2100832,2103703
2100873,2109809
2100907,2112506
2100907,2106300
2100907,2110609
2100907,2110237
2100956,2105963
2100956,2110005
2101004,2106755
2101004,2102507
2101004,2100709
2101103,2109205
2101202,2100436
2101251,2110203
2101301,2103703
2101301,2100832
2101350,2108405
2101400,2107258
2101400,2104107
2101608,2104800
2101731,2107100
2101731,2112605
2101772,2108702
2101772,2106904
2101939,2108900
2101970,2105658
2101970,2102903
2102002,2103174
2102077,2105807
2102077,2111409
2102101,2206100
2102101,2106672
2102150,2108108
2102200,2103406
2102200,2208502
2102200,2106409
2102309,2107803
2102325,2100600
2102358,2104552
2102358,2100600
2102374,2109304
2102408,2100709
2102408,2110500
2102507,2105153
2102507,2101004
2102556,2109007
2102606,2112407
2102754,2103307
2102754,2106003
2102754,2108454
2102903,2105658
2102903,2101970
2102903,2100550
2103000,2103307
2103000,2106607
2103000,2103406
2103125,2108603
2103174,2102002
2103174,2106375
2103174,2105658
2103208,2110401
2103208,2100303
2103208,2100105
2103257,2100055
2103307,2104404
2103307,2103802
2103307,2102754
2103307,2103604
2103307,2103000
2103406,2103000
2103406,2100303
2103406,2103901
2103406,2102200
2103604,2103307
2103703,2101301
2103703,2100832
2103802,2111250
2103802,2104503
2103802,2103307
2103901,2103406
2104008,2111672
2104008,2111250
2104008,2105708
2104057,1713809
2104073,2107258
2104081,2112308
2104081,2104099
2104099,2104081
2104107,2101400
2104107,2107258
2104206,2105450
2104404,2104602
2104404,2111748
2104404,2104503
2104404,2103307
2104503,2104404
2104503,2103802
2104552,2105302
2104552,2109551
2104552,2102358
2104602,2104404
2104677,2106375
2104800,2105351
2104800,2101608
2105005,2107100
2105153,2102507
2105302,2104552
2105302,1718808
2105351,2104800
2105401,2110203
2105450,2104206
2105658,2103174
2105658,1501956
2105658,2101970
2105658,2102903
2105708,2111672
2105708,2104008
2105807,2102077
2105906,2108702
2105922,2110906
2105963,2100956
2106003,2110302
2106003,2102754
2106003,2111409
2106003,2108454
2106201,2100550
2106300,2110609
2106300,2100907
2106375,2103174
2106375,2104677
2106409,2102200
2106508,2111003
2106607,2103000
2106672,2206100
2106672,2102101
2106672,2100808
2106706,2109700
2106755,2101004
2106904,2109908
2106904,2101772
2106904,2108306
2107100,2110401
2107100,2109304
2107100,2105005
2107100,2101731
2107258,2104073
2107258,2101400
2107258,2104107
2107308,2111102
2107357,2108256
2107407,2111722
2107456,2112803
2107605,2110500
2107605,2108405
2107704,2111102
2107803,2102309
2107902,2111953
2108009,2111904
2108108,2102150
2108207,2111250
2108207,2110302
2108207,2108900
2108256,2108306
2108256,2112803
2108256,2107357
2108306,2106904
2108306,2108256
2108405,2110500
2108405,2101350
2108405,2107605
2108405,2100204
2108454,2102754
2108454,2106003
2108454,2111409
2108603,2109270
2108603,2109809
2108603,2103125
2108702,2105906
2108702,2101772
2108900,2101939
2108900,2108207
2109007,1721208
2109007,2102556
2109205,2109304
2109205,2101103
2109270,2108603
2109304,2109205
2109304,2102374
2109304,2107100
2109551,2104552
2109601,2110203
2109700,2106706
2109809,2100873
2109809,2110039
2109809,2108603
2109908,2110005
2109908,2100402
2109908,2106904
2110005,2100956
2110005,2100600
2110005,2100477
2110005,2109908
2110005,2112274
2110039,2109809
2110203,2105401
2110203,2100709
2110203,2109601
2110203,2101251
2110237,2112506
2110237,2100154
2110237,2100907
2110302,2111250
2110302,2108207
2110302,2106003
2110401,2107100
2110401,2103208
2110500,2102408
2110500,2107605
2110500,2108405
2110609,2112506
2110609,2100154
2110609,2106300
2110609,2100907
2110906,2105922
2111003,2106508
2111003,2111706
2111029,2114007
2111102,2107308
2111102,2107704
2111250,2104008
2111250,2110302
2111250,2103802
2111250,2108207
2111409,2106003
2111409,2102077
2111409,2108454
2111532,1507508
2111532,1501576
2111672,2104008
2111672,2105708
2111706,2111003
2111722,2107407
2111748,2104404
2111904,2108009
2111953,2107902
2112274,2110005
2112274,2100477
2112308,2104081
2112407,2102606
2112506,2110609
2112506,2110237
2112506,2100907
2112605,2101731
2112803,2108256
2112803,2107456
2112852,1720309
2114007,2111029
2200103,2205540
2200202,2204600
2200202,2207108
2200202,2205540
2200251,2211605
2200251,2208205
2200277,2207207
2200277,2202091
2200277,2210300
2200400,2211001
2200400,2202208
2200400,2205508
2200459,2203107
2200459,2211209
2200459,2202307
2200509,2204105
2200509,2201002
2200509,2200608
2200509,2207504
2200608,2200509
2200608,2210508
2200608,2207504
2200806,2205607
2200905,2208106
2200905,2209609
2200905,2209153
2200954,2205003
2200954,2209104
2200954,2204352
2201002,2206704
2201002,2204105
2201002,2210979
2201002,2211407
2201002,2204006
2201002,2200509
2201051,2208106
2201051,2210409
2201150,2204402
2201150,2211209
2201176,2203503
2201200,2206209
2201200,2202174
2201309,1712702
2201408,2206407
2201507,2208304
2201556,2202117
2201556,2209658
2201606,2203305
2201705,2205904
2201804,2210938
2201804,2210201
2201804,2209856
2201903,2204402
2201903,2206605
2201903,2206654
2201903,2204550
2201919,2202703
2201929,2210607
2201945,2202711
2201945,2202406
2201960,2209872
2201988,2207355
2202000,2202539
2202000,2202653
2202059,2206209
2202083,2205706
2202091,2601102
2202091,2205953
2202091,2200277
2202109,2210805
2202117,2210003
2202117,2205565
2202117,2207959
2202117,2201556
2202133,2205201
2202174,2201200
2202174,2203701
2202174,2206100
2202208,2210656
2202208,2200400
2202208,2205508
2202251,2210631
2202251,2205607
2202251,2205102
2202307,2204550
2202307,2200459
2202307,2203602
2202307,2207850
2202406,2205276
2202406,2201945
2202455,2210003
2202455,2205565
2202505,2204550
2202505,2205532
2202539,2208304
2202539,2210052
2202539,2202703
2202539,2202000
2202554,2207777
2202554,2206050
2202604,2210656
2202653,2202000
2202703,2208304
2202703,2202539
2202703,2201919
2202703,2205706
2202711,2201945
2202729,2208304
2202729,2209872
2202752,2203602
2202778,2209500
2202778,2210102
2202778,2211704
2202802,2209658
2202802,2210805
2202802,2204907
2202802,2207777
2202851,2205359
2202851,2203453
2203107,2203230
2203107,2204550
2203107,2209302
2203107,2200459
2203206,2205524
2203230,2209302
2203230,2203107
2203230,2207405
2203255,2210508
2203255,2206308
2203255,2211001
2203271,2207801
2203271,2205151
2203305,2201606
2203305,2205581
2203354,2203750
2203404,2208007
2203420,2207900
2203420,2208403
2203453,2202851
2203453,2210003
2203503,2201176
2203503,2206902
2203503,2204006
2203503,2207751
2203503,2210383
2203503,2209153
2203602,2202752
2203602,2202307
2203701,2202174
2203701,2209971
2203701,2206670
2203701,2205409
2203750,2203354
2203750,2210607
2203750,2211357
2203800,2208874
2203800,2210102
2203859,2204907
2203859,2211704
2203859,2209104
2203909,2205300
2203909,2210102
2203909,2206704
2203909,2204105
2204006,2201002
2204006,2211407
2204006,2203503
2204105,2203909
2204105,2206704
2204105,2201002
2204105,2200509
2204204,2205201
2204204,2208205
2204204,2208106
2204303,2210300
2204352,2205003
2204352,2200954
2204352,2205201
2204402,2201903
2204402,2201150
2204501,2208551
2204501,2205300
2204550,2201903
2204550,2209302
2204550,2203107
2204550,2202505
2204550,2202307
2204600,2205250
2204600,2200202
2204600,2207108
2204659,2207702
2204709,2209856
2204709,2206902
2204709,2211308
2204808,2209955
2204907,2202802
2204907,2210805
2204907,2203859
2204907,2209104
2204907,2207777
2205003,2211506
2205003,2200954
2205003,2209104
2205003,2204352
2205102,2202251
2205102,2205300
2205102,2210102
2205151,2203271
2205151,2207777
2205201,2204352
2205201,2207777
2205201,2202133
2205201,2204204
2205250,2204600
2205250,2207751
2205276,2210656
2205276,2206357
2205276,2202406
2205300,2205607
2205300,2206001
2205300,2204501
2205300,2205102
2205300,2203909
2205359,2210607
2205359,2202851
2205359,2210003
2205359,2208874
2205409,2203701
2205409,2206670
2205409,2205805
2205508,2200400
2205508,2211001
2205508,2202208
2205508,2205557
2205516,2210656
2205516,2206357
2205524,2203206
2205532,2202505
2205532,2209559
2205532,2210953
2205540,2200202
2205540,2200103
2205557,2211100
2205557,2205508
2205565,2202455
2205565,2202117
2205581,2203305
2205599,2209856
2205607,2200806
2205607,2202251
2205607,2205300
2205706,2202703
2205706,2202083
2205805,2205409
2205904,2201705
2205904,2211209
2205953,2202091
2206001,2205300
2206050,2202554
2206100,2202174
2206100,2209971
2206100,2102101
2206100,2106672
2206209,2202059
2206209,2201200
2206308,2210508
2206308,2203255
2206357,2205516
2206357,2210656
2206357,2205276
2206407,2201408
2206506,2208205
2206506,2208106
2206605,2201903
2206654,2201903
2206670,2209971
2206670,2203701
2206670,2205409
2206704,2203909
2206704,2210102
2206704,2209708
2206704,2207009
2206704,2204105
2206704,2201002
2206720,2211001
2206902,2204709
2206902,2203503
2207009,2206704
2207108,2204600
2207108,2200202
2207207,2211605
2207207,2200277
2207306,2210904
2207306,2210391
2207355,2201988
2207405,2203230
2207405,2209302
2207504,2200608
2207504,2200509
2207504,2210508
2207553,2209955
2207702,2204659
2207751,2203503
2207751,2205250
2207777,2202802
2207777,2204907
2207777,2211506
2207777,2205151
2207777,2202554
2207777,2205201
2207793,2211001
2207801,2203271
2207850,2202307
2207900,2203420
2207900,2305001
2207959,2202117
2207959,2210805
2208007,2203404
2208106,2200905
2208106,2204204
2208106,2206506
2208106,2210375
2208106,2208205
2208106,2201051
2208205,2204204
2208205,2200251
2208205,2206506
2208205,2208106
2208304,2201507
2208304,2210052
2208304,2202729
2208304,2202539
2208304,2202703
2208304,2209872
2208403,2203420
2208502,2102200
2208551,2204501
2208601,2210383
2208650,2907202
2208874,2205359
2208874,2203800
2208874,2210904
2208908,2211209
2209104,2204907
2209104,2203859
2209104,2205003
2209104,2211704
2209104,2200954
2209104,2209955
2209153,2200905
2209153,2203503
2209302,2203230
2209302,2204550
2209302,2203107
2209302,2207405
2209401,2210938
2209401,2210375
2209500,2210805
2209500,2202778
2209559,2210607
2209559,2205532
2209609,2200905
2209658,2201556
2209658,2202802
2209708,2206704
2209757,2911105
2209856,2204709
2209856,2205599
2209856,2201804
2209872,2201960
2209872,2208304
2209872,2202729
2209872,2303402
2209906,2210409
2209955,2209104
2209955,2207553
2209955,2204808
2209971,2203701
2209971,2206100
2209971,2206670
2210003,2205359
2210003,2203453
2210003,2202455
2210003,2202117
2210003,2210904
2210052,2208304
2210052,2202539
2210102,2203800
2210102,2205102
2210102,2203909
2210102,2210904
2210102,2202778
2210102,2206704
2210201,2201804
2210300,2200277
2210300,2204303
2210359,2210607
2210375,2209401
2210375,2208106
2210383,2203503
2210383,2208601
2210391,2210904
2210391,2207306
2210409,2201051
2210409,2209906
2210508,2200608
2210508,2207504
2210508,2203255
2210508,2206308
2210607,2210359
2210607,2205359
2210607,2203750
2210607,2201929
2210607,2209559
2210631,2202251
2210656,2202604
2210656,2205516
2210656,2205276
2210656,2206357
2210656,2202208
2210805,2207959
2210805,2202802
2210805,2202109
2210805,2204907
2210805,2209500
2210904,2210003
2210904,2208874
2210904,2207306
2210904,2210391
2210904,2210102
2210938,2201804
2210938,2209401
2210953,2205532
2210979,2201002
2211001,2203255
2211001,2206720
2211001,2207793
2211001,2200400
2211001,2211100
2211001,2205508
2211100,2211001
2211100,2205557
2211209,2200459
2211209,2205904
2211209,2201150
2211209,2208908
2211308,2204709
2211357,2203750
2211407,2201002
2211407,2204006
2211506,2205003
2211506,2207777
2211605,2207207
2211605,2200251
2211704,2203859
2211704,2202778
2211704,2209104
2300150,2303956
2300200,2306553
2300309,2305506
2300408,2303600
2300507,2308005
2300606,2312106
2300606,2309201
2300606,2304301
2300705,2312502
2300804,2302701
2300903,2303006
2300903,2313351
2300903,2306306
2301109,2408003
2301109,2401453
2301109,2307007
2301109,2304459
2301109,2310001
2301208,2306504
2301208,2301950
2301307,2312106
2301406,2302800
2301505,2310308
2301604,2309201
2301604,2311207
2301703,2308302
2301802,2307502
2301851,2308351
2301851,2311405
2301901,2307106
2301950,2309458
2301950,2301208
2301950,2309607
2302008,2503704
2302057,2304707
2302107,2305266
2302107,2306504
2302107,2309102
2302107,2305100
2302206,2309458
2302305,2304707
2302305,2302602
2302404,2306603
2302404,2313203
2302602,2304707
2302602,2302305
2302602,2307809
2302701,2300804
2302800,2306504
2302800,2301406
2302800,2304608
2302800,2313351
2303006,2300903
2303006,2310704
2303204,2304806
2303204,2304301
2303204,2307502
2303303,2304301
2303402,2305001
2303402,2209872
2303501,2309607
2303600,2300408
2303659,2308609
2303709,2312403
2303808,2314003
2303956,2300150
2304004,2313401
2304103,2305654
2304103,2311009
2304202,2309201
2304269,2313005
2304277,2311231
2304301,2309201
2304301,2303204
2304301,2300606
2304301,2313252
2304301,2303303
2304350,2312205
2304400,2309706
2304400,2307650
2304459,2301109
2304509,2313401
2304608,2302800
2304657,2311702
2304707,2308807
2304707,2302305
2304707,2302057
2304707,2307809
2304707,2302602
2304806,2303204
2304806,2314003
2304806,2307502
2304905,2312205
2304954,2311603
2304954,2310100
2304954,2305233
2305001,2207900
2305001,2303402
2305001,2311702
2305100,2302107
2305100,2309102
2305209,2309300
2305209,2305902
2305209,2310951
2305233,2309607
2305233,2304954
2305266,2302107
2305407,2305506
2305407,2310803
2305506,2305407
2305506,2300309
2305654,2304103
2305654,2313203
2305803,2309300
2305803,2310951
2305803,2311702
2305902,2305209
2306009,2306900
2306207,2307007
2306207,2310001
2306256,2309706
2306256,2307650
2306306,2300903
2306405,2313807
2306504,2302800
2306504,2301208
2306504,2302107
2306553,2300200
2306603,2302404
2306603,2307635
2306702,2308708
2306900,2311355
2306900,2306009
2307007,2311801
2307007,2401453
2307007,2306207
2307007,2301109
2307007,2310001
2307106,2307205
2307106,2311108
2307106,2301901
2307106,2308401
2307205,2310605
2307205,2307106
2307502,2303204
2307502,2304806
2307502,2314003
2307502,2301802
2307601,2311801
2307601,2404309
2307635,2306603
2307650,2306256
2307650,2304400
2307700,2310704
2307809,2304707
2307809,2302602
2308005,2300507
2308005,2308807
2308005,2312809
2308104,2308302
2308302,2308104
2308302,2301703
2308351,2313005
2308351,2301851
2308377,2312908
2308401,2311108
2308401,2307106
2308609,2303659
2308609,2312205
2308708,2306702
2308807,2313401
2308807,2308005
2308807,2312809
2308807,2304707
2309102,2302107
2309102,2305100
2309201,2304202
2309201,2300606
2309201,2301604
2309201,2304301
2309300,2305209
2309300,2305803
2309458,2302206
2309458,2301950
2309508,2311355
2309508,2313005
2309607,2301950
2309607,2303501
2309607,2305233
2309706,2306256
2309706,2304400
2309805,2311603
2309904,2311702
2310001,2307007
2310001,2306207
2310001,2301109
2310100,2304954
2310258,2312403
2310308,2301505
2310407,2310704
2310506,2311405
2310605,2307205
2310704,2303006
2310704,2310407
2310704,2307700
2310704,2312601
2310803,2305407
2310951,2305209
2310951,2305803
2310951,2312205
2311009,2304103
2311108,2307106
2311108,2308401
2311207,2301604
2311231,2304277
2311355,2309508
2311355,2306900
2311405,2301851
2311405,2312700
2311405,2310506
2311504,2311801
2311603,2309805
2311603,2304954
2311702,2305803
2311702,2305001
2311702,2304657
2311702,2309904
2311801,2307601
2311801,2311504
2311801,2307007
2312007,2312809
2312106,2301307
2312106,2300606
2312205,2308609
2312205,2304350
2312205,2310951
2312205,2304905
2312403,2303709
2312403,2310258
2312403,2313757
2312403,2313500
2312502,2300705
2312601,2310704
2312601,2313500
2312700,2311405
2312809,2312007
2312809,2308005
2312809,2308807
2312908,2308377
2313005,2309508
2313005,2304269
2313005,2308351
2313104,2404309
2313203,2302404
2313203,2305654
2313252,2304301
2313351,2302800
2313351,2300903
2313401,2304509
2313401,2304004
2313401,2308807
2313401,2313906
2313500,2312403
2313500,2313757
2313500,2312601
2313559,2313757
2313559,2313807
2313757,2312403
2313757,2313807
2313757,2313559
2313757,2313500
2313807,2313757
2313807,2313559
2313807,2306405
2313906,2313401
2314003,2304806
2314003,2307502
2314003,2303808
2400109,2408904
2400109,2402402
2400109,2403806
2400208,2412807
2400208,2408706
2400208,2414605
2400208,2402501
2400208,2408003
2400307,2404705
2400307,2409704
2400307,2409902
2400307,2407203
2400406,2410801
2400406,2402907
2400406,2403301
2400505,2504306
2400505,2410009
2400505,2414100
2400604,2405900
2400604,2409308
2400703,2409902
2400802,2403756
2400802,2406700
2400901,2504306
2400901,2404002
2401008,2410702
2401008,2411007
2401008,2413607
2401008,2402303
2401008,2404309
2401107,2410256
2401206,2403509
2401206,2404200
2401206,2414209
2401305,2407609
2401305,2405207
2401305,2402303
2401305,2408706
2401404,2508901
2401404,2402204
2401453,2307007
2401453,2301109
2401503,2411205
2401503,2413706
2401503,2406403
2401503,2411106
2401503,2412609
2401602,2410900
2401602,2409332
2401701,2405306
2401701,2413102
2401701,2407104
2401701,2412708
2401800,2409209
2401800,2406304
2401800,2407807
2401859,2408805
2401859,2404101
2401909,2411106
2401909,2410900
2401909,2406700
2401909,2405504
2401909,2409605
2402006,2405702
2402006,2403004
2402006,2403806
2402105,2402808
2402105,2403103
2402105,2406809
2402105,2412906
2402204,2409803
2402204,2401404
2402204,2415008
2402204,2403509
2402204,2404200
2402303,2409308
2402303,2408409
2402303,2401305
2402303,2401008
2402303,2414605
2402303,2404309
2402402,2408904
2402402,2405702
2402402,2400109
2402501,2400208
2402501,2407203
2402501,2413359
2402600,2403608
2402600,2413904
2402600,2410405
2402709,2403103
2402709,2412906
2402709,2411403
2402709,2403756
2402709,2406700
2402808,2402105
2402907,2400406
2403004,2402006
2403103,2402105
2403103,2412906
2403103,2402709
2403202,2412500
2403202,2403301
2403251,2407104
2403301,2400406
2403301,2410504
2403301,2403202
2403301,2409407
2403400,2516755
2403400,2411429
2403509,2408300
2403509,2402204
2403509,2414704
2403509,2406155
2403509,2401206
2403509,2412203
2403608,2402600
2403756,2402709
2403756,2406700
2403756,2400802
2403806,2402006
2403806,2400109
2403806,2414159
2403905,2413557
2403905,2413805
2404002,2400901
2404101,2409704
2404101,2401859
2404200,2402204
2404200,2401206
2404200,2412203
2404309,2402303
2404309,2401008
2404309,2414605
2404309,2313104
2404309,2307601
2404507,2409704
2404507,2405108
2404507,2407203
2404606,2412708
2404606,2412005
2404606,2410108
2404705,2404853
2404705,2400307
2404804,2517100
2404853,2404705
2404903,2413805
2404903,2411007
2404903,2413607
2405108,2406700
2405108,2405504
2405108,2409605
2405108,2405801
2405108,2409704
2405108,2408805
2405108,2404507
2405207,2407609
2405207,2409308
2405207,2401305
2405306,2412302
2405306,2414001
2405306,2410306
2405306,2401701
2405405,2505105
2405405,2407906
2405405,2411700
2405405,2412302
2405405,2414001
2405504,2401909
2405504,2406700
2405504,2409605
2405504,2405801
2405504,2405108
2405603,2413409
2405603,2414308
2405603,2513901
2405702,2408904
2405702,2402402
2405702,2402006
2405801,2405504
2405801,2409605
2405801,2410108
2405801,2412559
2405801,2405108
2405801,2408805
2405900,2400604
2406007,2408607
2406007,2414100
2406007,2407005
2406007,2407302
2406106,2411403
2406155,2403509
2406205,2408300
2406205,2413300
2406205,2413508
2406304,2401800
2406304,2407807
2406403,2401503
2406403,2413102
2406403,2412609
2406502,2413003
2406700,2402709
2406700,2411403
2406700,2403756
2406700,2401909
2406700,2400802
2406700,2405504
2406700,2409704
2406700,2405108
2406809,2411205
2406809,2402105
2406908,2414506
2407005,2516904
2407005,2408607
2407005,2406007
2407005,2410801
2407104,2414803
2407104,2401701
2407104,2403251
2407203,2400307
2407203,2409902
2407203,2402501
2407203,2404507
2407203,2410256
2407302,2406007
2407302,2410801
2407401,2414902
2407500,2413904
2407609,2409308
2407609,2405207
2407609,2401305
2407708,2408300
2407807,2401800
2407807,2406304
2407807,2414803
2407906,2405405
2407906,2413300
2407906,2412302
2408003,2414605
2408003,2400208
2408003,2301109
2408300,2507309
2408300,2407708
2408300,2409100
2408300,2406205
2408300,2411502
2408300,2403509
2408409,2409308
2408409,2402303
2408607,2508406
2408607,2407005
2408607,2406007
2408706,2401305
2408706,2400208
2408805,2405801
2408805,2414407
2408805,2405108
2408805,2401859
2408805,2411601
2408805,2409506
2408904,2405702
2408904,2402402
2408904,2400109
2408953,2414407
2409100,2408300
2409209,2414704
2409209,2401800
2409308,2400604
2409308,2407609
2409308,2410603
2409308,2405207
2409308,2408409
2409308,2402303
2409332,2410900
2409332,2412609
2409332,2401602
2409407,2413557
2409407,2403301
2409407,2411908
2409506,2408805
2409506,2411601
2409605,2401909
2409605,2405504
2409605,2405801
2409605,2405108
2409704,2406700
2409704,2400307
2409704,2405108
2409704,2404507
2409704,2404101
2409803,2508901
2409803,2402204
2409803,2414704
2409902,2400307
2409902,2400703
2409902,2407203
2409902,2410256
2410009,2400505
2410108,2404606
2410108,2405801
2410108,2410405
2410207,2413557
2410256,2409902
2410256,2407203
2410256,2413359
2410256,2401107
2410306,2405306
2410405,2402600
2410405,2410108
2410405,2414407
2410504,2410801
2410504,2403301
2410603,2409308
2410702,2414506
2410702,2401008
2410801,2407005
2410801,2407302
2410801,2400406
2410801,2410504
2410900,2409332
2410900,2401909
2410900,2401602
2411007,2404903
2411007,2401008
2411106,2412906
2411106,2401503
2411106,2401909
2411205,2411700
2411205,2412302
2411205,2406809
2411205,2401503
2411403,2413003
2411403,2406106
2411403,2402709
2411403,2412807
2411403,2406700
2411429,2403400
2411502,2408300
2411502,2414704
2411601,2408805
2411601,2409506
2411700,2405405
2411700,2411205
2411908,2409407
2412005,2404606
2412104,2413409
2412203,2403509
2412203,2404200
2412203,2414803
2412302,2407906
2412302,2405405
2412302,2413300
2412302,2413508
2412302,2411205
2412302,2405306
2412500,2403202
2412559,2405801
2412559,2414407
2412609,2406403
2412609,2401503
2412609,2412708
2412609,2409332
2412708,2401701
2412708,2412609
2412708,2404606
2412807,2411403
2412807,2400208
2412906,2403103
2412906,2402105
2412906,2413706
2412906,2402709
2412906,2411106
2413003,2414159
2413003,2406502
2413003,2411403
2413102,2406403
2413102,2401701
2413201,2414209
2413300,2407906
2413300,2406205
2413300,2412302
2413359,2402501
2413359,2410256
2413409,2412104
2413409,2414308
2413409,2405603
2413508,2406205
2413508,2412302
2413557,2410207
2413557,2409407
2413557,2403905
2413607,2404903
2413607,2401008
2413706,2414001
2413706,2412906
2413706,2401503
2413805,2403905
2413805,2404903
2413904,2402600
2413904,2407500
2414001,2405405
2414001,2413706
2414001,2405306
2414100,2400505
2414100,2517209
2414100,2406007
2414159,2413003
2414159,2403806
2414209,2401206
2414209,2413201
2414308,2413409
2414308,2405603
2414407,2410405
2414407,2408953
2414407,2412559
2414407,2408805
2414506,2406908
2414506,2414902
2414506,2410702
2414605,2402303
2414605,2400208
2414605,2404309
2414605,2408003
2414704,2409803
2414704,2411502
2414704,2403509
2414704,2409209
2414803,2407807
2414803,2412203
2414803,2407104
2414902,2407401
2414902,2414506
2415008,2402204
2500106,2508000
2500106,2510402
2500205,2511301
2500304,2509206
2500304,2509339
2500502,2509800
2500502,2501104
2500502,2505204
2500502,2511608
2500536,2501708
2500601,2511202
2500700,2503704
2500700,2502201
2500700,2517209
2500775,2514206
2500809,2509107
2500809,2511806
2501005,2505105
2501005,2516409
2501104,2506004
2501104,2500502
2501153,2512606
2501153,2514909
2501203,2509503
2501302,2512507
2501351,2513851
2501351,2516508
2501351,2507705
2501534,2511103
2501575,2504355
2501609,2512002
2501609,2510501
2501609,2505006
2501609,2516151
2501609,2505105
2501708,2500536
2501708,2503100
2501906,2515930
2501906,2503605
2501906,2516409
2502052,2516805
2502052,2513653
2502052,2512036
2502102,2505303
2502102,2511004
2502151,2504355
2502151,2504009
2502201,2500700
2502300,2507408
2502300,2502904
2502409,2504405
2502409,2505600
2502409,2514305
2502508,2503100
2502508,2504009
2502607,2507002
2502706,2515906
2502706,2516003
2502904,2507408
2502904,2502300
2503100,2501708
2503100,2502508
2503100,2514008
2503100,2506509
2503407,2516706
2503407,2503555
2503407,2514602
2503407,2510808
2503506,2505105
2503555,2508505
2503555,2516508
2503555,2503407
2503555,2510709
2503605,2505808
2503605,2501906
2503605,2508208
2503605,2512721
2503605,2508554
2503704,2302008
2503704,2510006
2503704,2500700
2503704,2513307
2503753,2504207
2503753,2504801
2503753,2504504
2503803,2515302
2503803,2509800
2503902,2509701
2503902,2608008
2504009,2502508
2504009,2504355
2504009,2506806
2504009,2512754
2504009,2502151
2504033,2512903
2504074,2504702
2504108,2514503
2504108,2510006
2504207,2505907
2504207,2510808
2504207,2503753
2504207,2508802
2504207,2504504
2504306,2512804
2504306,2400505
2504306,2400901
2504355,2501575
2504355,2504009
2504355,2502151
2504405,2502409
2504405,2514305
2504504,2504207
2504504,2513802
2504504,2505907
2504504,2510808
2504504,2503753
2504504,2513927
2504504,2505501
2504504,2510907
2504702,2514107
2504702,2608008
2504702,2504074
2504702,2516300
2504801,2505907
2504801,2503753
2504801,2512101
2504850,2515500
2504850,2514008
2504900,2511202
2504900,2515302
2505006,2515401
2505006,2501609
2505006,2516151
2505105,2501609
2505105,2503506
2505105,2510105
2505105,2405405
2505105,2501005
2505204,2500502
2505204,2511608
2505238,2509107
2505303,2509008
2505303,2513505
2505303,2502102
2505303,2512309
2505402,2516508
2505501,2508802
2505501,2504504
2505501,2510907
2505600,2502409
2505808,2515930
2505808,2503605
2505907,2504207
2505907,2504801
2505907,2504504
2505907,2512101
2506004,2501104
2506103,2506806
2506251,2513158
2506301,2511707
2506301,2511806
2506400,2514453
2506400,2507606
2506400,2509107
2506509,2514008
2506509,2503100
2506509,2516102
2506509,2507705
2506707,2602506
2506806,2507200
2506806,2506103
2506806,2509404
2506806,2509206
2506806,2515807
2506806,2504009
2506905,2615300
2506905,2511509
2507002,2502607
2507002,2511301
2507200,2509404
2507200,2506806
2507309,2408300
2507408,2508109
2507408,2502300
2507408,2502904
2507606,2515807
2507606,2506400
2507705,2506509
2507705,2516508
2507705,2516102
2507705,2501351
2507705,2515401
2507804,2513000
2507804,2516755
2507804,2513406
2507804,2514701
2508000,2603900
2508000,2614402
2508000,2500106
2508109,2510907
2508109,2507408
2508109,2513984
2508208,2512721
2508208,2503605
2508307,2515104
2508406,2517209
2508406,2408607
2508505,2516508
2508505,2503555
2508554,2503605
2508703,2510402
2508802,2504207
2508802,2513802
2508802,2505501
2508901,2409803
2508901,2401404
2509008,2505303
2509008,2511004
2509008,2512309
2509107,2506400
2509107,2505238
2509107,2500809
2509156,2510006
2509156,2516201
2509206,2506806
2509206,2512754
2509206,2509339
2509206,2500304
2509339,2509206
2509339,2500304
2509404,2507200
2509404,2506806
2509503,2515104
2509503,2512002
2509503,2501203
2509701,2503902
2509701,2516300
2509701,2512200
2509800,2503803
2509800,2500502
2510006,2504108
2510006,2503704
2510006,2509156
2510105,2505105
2510105,2511400
2510204,2516607
2510402,2500106
2510402,2508703
2510501,2516102
2510501,2515401
2510501,2501609
2510501,2516151
2510659,2515500
2510659,2514800
2510709,2516508
2510709,2503555
2510709,2512606
2510808,2504207
2510808,2503407
2510808,2504504
2510907,2504504
2510907,2512101
2510907,2514404
2510907,2505501
2510907,2508109
2511004,2509008
2511004,2502102
2511103,2501534
2511103,2511400
2511202,2500601
2511202,2504900
2511202,2513703
2511301,2507002
2511301,2500205
2511301,2513604
2511400,2511103
2511400,2510105
2511509,2506905
2511509,2514453
2511608,2500502
2511608,2505204
2511707,2506301
2511707,2511806
2511806,2506301
2511806,2500809
2511806,2511707
2511806,2515906
2512002,2512408
2512002,2509503
2512002,2501609
2512036,2502052
2512036,2513653
2512077,2516904
2512077,2513653
2512101,2514206
2512101,2505907
2512101,2504801
2512101,2510907
2512101,2513984
2512200,2509701
2512200,2516300
2512200,2615904
2512309,2509008
2512309,2505303
2512408,2512002
2512507,2501302
2512606,2510709
2512606,2501153
2512606,2514909
2512721,2508208
2512721,2503605
2512754,2509206
2512754,2515807
2512754,2504009
2512804,2504306
2512903,2504033
2513000,2507804
2513158,2506251
2513307,2503704
2513406,2507804
2513505,2505303
2513604,2511301
2513653,2516805
2513653,2512077
2513653,2502052
2513653,2512036
2513703,2511202
2513802,2514602
2513802,2508802
2513802,2504504
2513851,2501351
2513901,2405603
2513927,2504504
2513943,2514008
2513984,2512101
2513984,2508109
2514008,2504850
2514008,2513943
2514008,2515500
2514008,2503100
2514008,2506509
2514107,2504702
2514206,2512101
2514206,2500775
2514206,2516201
2514305,2504405
2514305,2502409
2514404,2510907
2514453,2511509
2514453,2515971
2514453,2506400
2514503,2515708
2514503,2504108
2514602,2516706
2514602,2503407
2514602,2513802
2514701,2507804
2514800,2516300
2514800,2510659
2514909,2501153
2514909,2512606
2515005,2515302
2515104,2508307
2515104,2509503
2515302,2515005
2515302,2504900
2515302,2503803
2515401,2516102
2515401,2507705
2515401,2510501
2515401,2505006
2515500,2504850
2515500,2516300
2515500,2514008
2515500,2510659
2515708,2514503
2515807,2506806
2515807,2512754
2515807,2507606
2515906,2502706
2515906,2511806
2515906,2516003
2515930,2505808
2515930,2501906
2515971,2514453
2516003,2515906
2516003,2502706
2516102,2506509
2516102,2507705
2516102,2510501
2516102,2515401
2516151,2510501
2516151,2505006
2516151,2501609
2516201,2514206
2516201,2509156
2516300,2509701
2516300,2504702
2516300,2512200
2516300,2515500
2516300,2514800
2516300,2607703
2516409,2501906
2516409,2501005
2516508,2508505
2516508,2505402
2516508,2503555
2516508,2501351
2516508,2507705
2516508,2510709
2516607,2510204
2516706,2607703
2516706,2602506
2516706,2503407
2516706,2514602
2516755,2507804
2516755,2403400
2516805,2502052
2516805,2513653
2516904,2512077
2516904,2407005
2517100,2404804
2517209,2500700
2517209,2508406
2517209,2414100
2600054,2606804
2600054,2615508
2600104,2603900
2600203,2611101
2600302,2605004
2600302,2600807
2600401,2614857
2600401,2611903
2600500,2708006
2600500,2602803
2600500,2610806
2600609,2610806
2600609,2616001
2600708,2609501
2600708,2602704
2600807,2605004
2600807,2603108
2600807,2600302
2600906,2611408
2600906,2606408
2601003,2613206
2601052,2610608
2601102,2202091
2601102,2607307
2601201,2610806
2601300,2612000
2601409,2613404
2601508,2604205
2601706,2603108
2601706,2610905
2601706,2611200
2601706,2608008
2601805,2605608
2601904,2606408
2602001,2610400
2602001,2606309
2602001,2605301
2602100,2702553
2602100,2606507
2602209,2608909
2602209,2616308
2602209,2613800
2602308,2608206
2602308,2603504
2602308,2612000
2602407,2608602
2602506,2506707
2602506,2516706
2602605,2614709
2602605,2613107
2602704,2608909
2602704,2616308
2602704,2600708
2602803,2600500
2602803,2607505
2602803,2610806
2603009,2612208
2603009,2609808
2603108,2608800
2603108,2606705
2603108,2613008
2603108,2600807
2603108,2613107
2603108,2601706
2603207,2616001
2603306,2603702
2603405,2605608
2603405,2615706
2603504,2602308
2603504,2613305
2603603,2605509
2603702,2603306
2603702,2608800
2603801,2616001
2603900,2606903
2603900,2600104
2603900,2614402
2603900,2508000
2603926,2605707
2603926,2613909
2604007,2610608
2604007,2608909
2604007,2609501
2604007,2615508
2604106,2613107
2604155,2609709
2604205,2616506
2604205,2609204
2604205,2610004
2604205,2601508
2604304,2612208
2604403,2606101
2604502,2611408
2604601,2615508
2604700,2606002
2604809,2606408
2604908,2611705
2605004,2613305
2605004,2600807
2605004,2600302
2605202,2614204
2605202,2607208
2605301,2602001
2605400,2608503
2605400,2608453
2605509,2603603
2605608,2601805
2605608,2603405
2605608,2615706
2605707,2603926
2605707,2609303
2605707,2613909
2605806,2612703
2605905,2614857
2606002,2608602
2606002,2604700
2606002,2615102
2606002,2612307
2606002,2613206
2606101,2604403
2606200,2606804
2606200,2607604
2606200,2607802
2606309,2610400
2606309,2602001
2606408,2604809
2606408,2600906
2606408,2612000
2606408,2601904
2606408,2610509
2606507,2602100
2606606,2607505
2606606,2615805
2606705,2608404
2606705,2608800
2606705,2603108
2606804,2600054
2606804,2606200
2606903,2603900
2606903,2614600
2607000,2614808
2607000,2609154
2607208,2605202
2607307,2601102
2607505,2602803
2607505,2606606
2607604,2606200
2607703,2516300
2607703,2516706
2607802,2606200
2607950,2609204
2608008,2610905
2608008,2601706
2608008,2503902
2608008,2504702
2608057,2706422
2608057,2611002
2608206,2602308
2608305,2608800
2608305,2613008
2608404,2610202
2608404,2606705
2608453,2605400
2608453,2608909
2608503,2605400
2608503,2608909
2608602,2707602
2608602,2602407
2608602,2606002
2608750,2611101
2608800,2603702
2608800,2608305
2608800,2606705
2608800,2613008
2608800,2603108
2608909,2608503
2608909,2608453
2608909,2604007
2608909,2602209
2608909,2602704
2608909,2616308
2609006,2616308
2609006,2615300
2609105,2616308
2609105,2613800
2609154,2607000
2609154,2615805
2609204,2703007
2609204,2612901
2609204,2607950
2609204,2604205
2609204,2610004
2609303,2605707
2609303,2616100
2609402,2616407
2609501,2604007
2609501,2600708
2609709,2604155
2609808,2603009
2609907,2612455
2610004,2616506
2610004,2609204
2610004,2604205
2610103,2613206
2610202,2611507
2610202,2612901
2610202,2608404
2610400,2612455
2610400,2606309
2610400,2602001
2610509,2606408
2610509,2614501
2610608,2613701
2610608,2610707
2610608,2604007
2610608,2601052
2610608,2615508
2610707,2610608
2610806,2600500
2610806,2602803
2610806,2601201
2610806,2600609
2610905,2613008
2610905,2612406
2610905,2601706
2610905,2611200
2610905,2608008
2611002,2614808
2611002,2608057
2611101,2600203
2611101,2608750
2611200,2610905
2611200,2601706
2611309,2616407
2611408,2600906
2611408,2604502
2611408,2616407
2611507,2612901
2611507,2610202
2611606,2613701
2611705,2604908
2611804,2611903
2611804,2614204
2611903,2600401
2611903,2611804
2612000,2602308
2612000,2601300
2612000,2606408
2612208,2603009
2612208,2604304
2612307,2606002
2612406,2610905
2612455,2612554
2612455,2610400
2612455,2609907
2612471,2613909
2612471,2615706
2612505,2615003
2612554,2612455
2612703,2605806
2612703,2616209
2612703,2614501
2612703,2616183
2612802,2614600
2612901,2611507
2612901,2609204
2612901,2610202
2613008,2608305
2613008,2608800
2613008,2603108
2613008,2610905
2613008,2614709
2613107,2603108
2613107,2604106
2613107,2602605
2613206,2610103
2613206,2606002
2613206,2601003
2613305,2605004
2613305,2603504
2613404,2601409
2613503,2613909
2613503,2616100
2613701,2616407
2613701,2611606
2613701,2610608
2613800,2602209
2613800,2609105
2613800,2616308
2613909,2605707
2613909,2603926
2613909,2613503
2613909,2612471
2614204,2611804
2614204,2605202
2614402,2603900
2614402,2508000
2614501,2610509
2614501,2612703
2614600,2606903
2614600,2612802
2614709,2613008
2614709,2602605
2614808,2607000
2614808,2611002
2614857,2600401
2614857,2605905
2615003,2612505
2615102,2606002
2615300,2609006
2615300,2506905
2615508,2610608
2615508,2600054
2615508,2604007
2615508,2604601
2615706,2605608
2615706,2603405
2615706,2612471
2615805,2609154
2615805,2606606
2615904,2512200
2616001,2603207
2616001,2603801
2616001,2600609
2616100,2609303
2616100,2613503
2616183,2612703
2616209,2612703
2616308,2608909
2616308,2602209
2616308,2602704
2616308,2609105
2616308,2613800
2616308,2609006
2616407,2611408
2616407,2611309
2616407,2609402
2616407,2613701
2616506,2604205
2616506,2610004
2700201,2701001
2700201,2709004
2700300,2704104
2700409,2701001
2700409,2704807
2700409,2701308
2700508,2704302
2700508,2706505
2700706,2703700
2700706,2705705
2700706,2704401
2700805,2709004
2700904,2709202
2701001,2701407
2701001,2708600
2701001,2700201
2701001,2700409
2701100,2709400
2701100,2705507
2701100,2702801
2701100,2701902
2701100,2708105
2701100,2703809
2701209,2705309
2701308,2700409
2701308,2709400
2701357,2703502
2701407,2701001
2701605,2705002
2701704,2709400
2701704,2701902
2701704,2709301
2701704,2708105
2701803,2708402
2701902,2701704
2701902,2707602
2701902,2701100
2701902,2709301
2702207,2708907
2702306,2702702
2702306,2706703
2702306,2709152
2702355,2704104
2702504,2704401
2702553,2703106
2702553,2706307
2702553,2705309
2702553,2602100
2702603,2704104
2702603,2702900
2702702,2702306
2702801,2701100
2702801,2709301
2702900,2702603
2702900,2709202
2703007,2703809
2703007,2708303
2703007,2609204
2703106,2702553
2703205,2804409
2703205,2706703
2703205,2707503
2703304,2705002
2703403,2706208
2703403,2706406
2703502,2704500
2703502,2701357
2703601,2707404
2703700,2700706
2703700,2704401
2703809,2706505
2703809,2705507
2703809,2701100
2703809,2709301
2703809,2703007
2703908,2707305
2704104,2702603
2704104,2700300
2704104,2702355
2704302,2700508
2704302,2707701
2704401,2700706
2704401,2703700
2704401,2702504
2704500,2703502
2704609,2707206
2704708,2708600
2704807,2700409
2704906,2707008
2704906,2706307
2705002,2703304
2705002,2701605
2705101,2706505
2705101,2708709
2705101,2707305
2705101,2705606
2705200,2707701
2705309,2701209
2705309,2702553
2705507,2707701
2705507,2701100
2705507,2709301
2705507,2703809
2705606,2705101
2705705,2700706
2705705,2708402
2705903,2709202
2706208,2703403
2706307,2704906
2706307,2702553
2706406,2703403
2706422,2608057
2706505,2700508
2706505,2708709
2706505,2707404
2706505,2705101
2706505,2703809
2706703,2703205
2706703,2702306
2706703,2708808
2707008,2704906
2707206,2704609
2707305,2705101
2707305,2703908
2707404,2706505
2707404,2703601
2707503,2703205
2707602,2701902
2707602,2608602
2707701,2704302
2707701,2705200
2707701,2705507
2707909,2708907
2708006,2600500
2708105,2701704
2708105,2709400
2708105,2701100
2708105,2709301
2708204,2709202
2708303,2703007
2708402,2705705
2708402,2701803
2708600,2704708
2708600,2701001
2708709,2706505
2708709,2705101
2708808,2706703
2708907,2702207
2708907,2707909
2709004,2700201
2709004,2700805
2709152,2702306
2709202,2708204
2709202,2705903
2709202,2700904
2709202,2702900
2709301,2701704
2709301,2709400
2709301,2705507
2709301,2702801
2709301,2701902
2709301,2708105
2709301,2703809
2709400,2701308
2709400,2701704
2709400,2701100
2709400,2709301
2709400,2708105
2800100,2807303
2800100,2800209
2800209,2801306
2800209,2804300
2800209,2803807
2800209,2801603
2800209,2807303
2800209,2800100
2800407,2802106
2800407,2800670
2800407,2806206
2800506,2804805
2800506,2805901
2800670,2800407
2800670,2802106
2800670,2803500
2801108,2807303
2801108,2803104
2801108,2804706
2801306,2806107
2801306,2801504
2801306,2803302
2801306,2800209
2801405,2802304
2801405,2924207
2801504,2801306
2801603,2803807
2801603,2805703
2801603,2800209
2801900,2802205
2802007,2803609
2802007,2804607
2802106,2802809
2802106,2800407
2802106,2800670
2802106,2806206
2802205,2801900
2802205,2802601
2802205,2804508
2802304,2802908
2802304,2803708
2802304,2805208
2802304,2806008
2802304,2801405
2802403,2804508
2802403,2804201
2802502,2806602
2802601,2802205
2802601,2804508
2802700,2804904
2802809,2807600
2802809,2802106
2802908,2802304
2802908,2806008
2803005,2807600
2803005,2806305
2803104,2801108
2803104,2804706
2803302,2806107
2803302,2805307
2803302,2806909
2803302,2801306
2803500,2800670
2803609,2802007
2803708,2802304
2803807,2801603
2803807,2800209
2804003,2805901
2804102,2806503
2804201,2802403
2804300,2800209
2804409,2806404
2804409,2805703
2804409,2703205
2804458,2806008
2804508,2802205
2804508,2802601
2804508,2802403
2804508,2805604
2804607,2802007
2804607,2806503
2804706,2801108
2804706,2803104
2804805,2800506
2804904,2802700
2805208,2802304
2805307,2803302
2805505,2807105
2805604,2804508
2805703,2804409
2805703,2801603
2805802,2807402
2805901,2800506
2805901,2804003
2806008,2802908
2806008,2802304
2806008,2804458
2806107,2803302
2806107,2801306
2806206,2800407
2806206,2802106
2806305,2807600
2806305,2803005
2806404,2804409
2806503,2804102
2806503,2804607
2806602,2802502
2806909,2803302
2807105,2807402
2807105,2805505
2807303,2800209
2807303,2800100
2807303,2801108
2807402,2805802
2807402,2807105
2807600,2802809
2807600,2806305
2807600,2803005
2900108,2900504
2900207,2909901
2900306,2910602
2900355,2910750
2900405,2902203
2900405,2923308
2900405,2928307
2900504,2926707
2900504,2900108
2900603,2915106
2900702,2910503
2901106,2908507
2901155,2919157
2901205,2933307
2901403,2907400
2901809,2910859
2902005,2925709
2902005,2919959
2902104,2903607
2902104,2929701
2902104,2903276
2902104,2922904
2902203,2900405
2902401,2913606
2902401,2914901
2902401,2932705
2902500,2928109
2902708,2922250
2902708,2924405
2902906,2915809
2902906,2904803
2903102,2915205
2903235,2922052
2903235,2930808
2903276,2902104
2903300,2916203
2903607,2929701
2903607,2931509
2903607,2902104
2903805,2922854
2903953,2905156
2904001,2921906
2904001,2929909
2904100,2923704
2904209,2931053
2904209,2923605
2904209,2919801
2904407,2930907
2904605,2925709
2904605,2919959
2904605,2926806
2904605,2926707
2904605,2918753
2904704,2929354
2904803,2902906
2904852,2909802
2904852,2925956
2904902,2911600
2905008,2926806
2905008,2912004
2905107,2921401
2905156,2906899
2905156,2903953
2905156,2921450
2905206,2919405
2905206,2924504
2905206,2918753
2905305,2922052
2905305,2906204
2905503,2929800
2906204,2922052
2906204,2905305
2906402,2930402
2906402,2913309
2906600,2924504
2906808,2925808
2906824,2910701
2906824,2921500
2906824,2932002
2906824,2927101
2906873,2917508
2906899,2905156
2906907,2918902
2906907,2931350
2906907,2921104
2907103,3136959
2907103,2910776
2907202,2926004
2907202,2930204
2907202,2208650
2907301,2933174
2907301,2928802
2907400,2928901
2907400,2901403
2907608,2925600
2907608,2914604
2907608,2929255
2907707,2919900
2907806,2911857
2908002,2913606
2908002,2916609
2908309,2909802
2908408,2926301
2908507,2928604
2908507,2901106
2908903,2924108
2909505,2927903
2909604,2913705
2909802,2908309
2909802,2904852
2909901,2932002
2909901,2900207
2910008,2918001
2910404,3101003
2910503,2900702
2910602,2900306
2910701,2906824
2910727,2925303
2910750,2900355
2910750,2930766
2910776,2907103
2910859,2901809
2910859,2930105
2910909,2915403
2910909,2917102
2911105,2209757
2911204,2922755
2911204,2922607
2911204,2933505
2911303,2933604
2911501,2916609
2911501,2932309
2911600,2904902
2911709,2923407
2911709,2924504
2911808,2914653
2911857,2926509
2911857,2926608
2911857,2907806
2911907,2916856
2912004,2905008
2912400,2914109
2912400,2932408
2912707,2920700
2913002,2923035
2913101,2919157
2913101,2932408
2913101,2925600
2913101,2914604
2913309,2906402
2913309,2926301
2913606,2908002
2913606,2915502
2913606,2902401
2913705,2909604
2913705,2923100
2914109,2912400
2914406,2930808
2914505,2924108
2914604,2913101
2914604,2919157
2914604,2925600
2914604,2907608
2914653,2911808
2914901,2932705
2914901,2902401
2915106,2900603
2915205,2916609
2915205,2903102
2915304,2916807
2915353,2918506
2915403,2910909
2915502,2913606
2915809,2933307
2915809,2902906
2916104,2933208
2916104,2929750
2916203,2903300
2916401,2923902
2916609,2908002
2916609,2911501
2916609,2915205
2916708,2927903
2916807,2915304
2916856,2911907
2917003,2930105
2917102,2910909
2917201,2918605
2917359,3126208
2917508,2930600
2917508,2933158
2917508,2929800
2917508,2906873
2917607,2918704
2917607,2919058
2917706,2930105
2918001,2910008
2918100,2924009
2918100,2919900
2918100,2927101
2918506,2915353
2918506,2929255
2918605,2917201
2918704,2917607
2918753,2904605
2918753,2905206
2918803,2929404
2918902,2906907
2919058,2917607
2919108,2930501
2919157,2913101
2919157,2901155
2919157,2925600
2919157,2914604
2919405,2905206
2919553,2928901
2919801,2931053
2919801,2904209
2919900,2918100
2919900,2907707
2919900,2927101
2919926,2927408
2919959,2902005
2919959,2904605
2920205,2923407
2920601,2929750
2920700,2932200
2920700,2912707
2921104,2906907
2921203,2930600
2921203,2933158
2921401,2923357
2921401,2905107
2921450,2905156
2921500,2906824
2921609,2923209
2921708,2932804
2921708,2922102
2921708,2924801
2921906,2904001
2922052,2903235
2922052,2906204
2922052,2905305
2922102,2932804
2922102,2921708
2922250,2930758
2922250,2902708
2922607,2911204
2922730,2924058
2922755,2911204
2922755,2933505
2922805,2924900
2922854,2903805
2922904,2902104
2923035,2913002
2923100,2913705
2923209,2921609
2923308,2900405
2923357,2933158
2923357,2921401
2923407,2911709
2923407,2920205
2923605,2904209
2923704,2904100
2923902,2916401
2924009,2918100
2924009,2927101
2924058,2926301
2924058,2922730
2924108,2908903
2924108,2914505
2924207,2801405
2924405,2902708
2924504,2906600
2924504,2911709
2924504,2905206
2924702,3162708
2924801,2931301
2924801,2921708
2924900,2922805
2925006,2933307
2925253,2929800
2925303,2910727
2925600,2913101
2925600,2919157
2925600,2914604
2925600,2907608
2925600,2929255
2925709,2902005
2925709,2904605
2925808,2906808
2925956,2904852
2926004,2907202
2926004,2930204
2926103,2926301
2926103,2933000
2926301,2924058
2926301,2913309
2926301,2908408
2926301,2926103
2926509,2926608
2926509,2911857
2926608,2926509
2926608,2911857
2926707,2904605
2926707,2900504
2926707,2926905
2926806,2905008
2926806,2904605
2926905,2926707
2927101,2906824
2927101,2918100
2927101,2924009
2927101,2919900
2927200,2932804
2927309,2927408
2927309,2929750
2927408,2927309
2927408,2919926
2927903,2916708
2927903,2909505
2928000,2928950
2928109,2902500
2928307,2900405
2928604,2908507
2928802,2907301
2928901,2907400
2928901,2919553
2928950,2928000
2929107,2929602
2929255,2925600
2929255,2907608
2929255,2918506
2929354,2904704
2929404,2918803
2929602,2929107
2929701,2903607
2929701,2902104
2929701,2931905
2929750,2927309
2929750,2916104
2929750,2920601
2929800,2917508
2929800,2905503
2929800,2925253
2929909,2904001
2930105,2910859
2930105,2917003
2930105,2917706
2930204,2907202
2930204,2926004
2930303,2930907
2930402,2906402
2930501,2919108
2930600,2921203
2930600,2917508
2930758,2922250
2930766,2910750
2930808,2914406
2930808,2903235
2930907,2930303
2930907,2904407
2931053,2904209
2931053,2919801
2931301,2932804
2931301,2924801
2931350,2906907
2931509,2903607
2931905,2929701
2932002,2906824
2932002,2909901
2932200,2920700
2932309,2911501
2932408,2912400
2932408,2913101
2932705,2914901
2932705,2902401
2932804,2927200
2932804,2931301
2932804,2922102
2932804,2921708
2933000,2926103
2933158,2921203
2933158,2917508
2933158,2923357
2933174,2907301
2933208,2916104
2933307,2915809
2933307,2925006
2933307,2901205
2933505,2922755
2933505,2911204
2933604,2911303
3100302,3154903
3101003,2910404
3101409,3134905
3101805,3112653
3102100,3108701
3102407,3122603
3102852,3141801
3102902,3145703
3103702,3163805
3103702,3125952
3104007,3156908
3104601,3128808
3104700,3144672
3105509,3303005
3105608,3129400
3106606,3170305
3106705,3140159
3106903,3149507
3108305,3146008
3108701,3102100
3108800,3125903
3109501,3508702
3111705,3124005
3111804,3142809
3112109,3122009
3112307,3164506
3112307,3165552
3112406,3536307
3112653,3101805
3113008,3168606
3113206,3120409
3113503,3165909
3113602,3164407
3114105,3145505
3114808,3166402
3115706,3122108
3115805,5211503
3116605,3164605
3116803,3140605
3117207,3145505
3117405,3163607
3117836,3132107
3118304,3145901
3120102,3165909
3120151,3170305
3120409,3113206
3121605,3125507
3122009,3112109
3122108,3115706
3122108,3144904
3122603,3102407
3123908,3135407
3124005,3111705
3124500,3152501
3125101,3556354
3125101,3536802
3125507,3121605
3125903,3108800
3125952,3103702
3126208,5200803
3126208,2917359
3126703,3132008
3127073,3154507
3127701,3157500
3127701,3161056
3127800,3136801
3127909,5205109
3128105,3151503
3128303,3134806
3128501,3165602
3128808,3104601
3129400,3105608
3129657,3132107
3129707,3536307
3129707,3537008
3131208,3158904
3131406,5209150
3131406,5209937
3132008,3126703
3132107,3117836
3132107,3129657
3132107,3142254
3134509,3138708
3134806,3128303
3134905,3101409
3135050,3152204
3135050,3135100
3135100,3146552
3135100,3135050
3135407,3123908
3135902,3144409
3136801,3127800
3136959,2907103
3138658,3162401
3138708,3169307
3138708,3134509
3138906,3157658
3139607,3203304
3139805,3140209
3140159,3106705
3140209,3139805
3140605,3116803
3141801,3102852
3142205,3156452
3142254,3132107
3142809,3111804
3144409,3135902
3144672,3104700
3144904,3122108
3145505,3114105
3145505,3117207
3145703,3102902
3145901,3118304
3146008,3108305
3146552,3135100
3147709,3165008
3149507,3106903
3150901,3509700
3151503,3128105
3152204,3135050
3152501,3124500
3153509,3203007
3154150,3167608
3154507,3127073
3154903,3100302
3156452,3142205
3156908,3104007
3157500,3127701
3157658,3138906
3158904,3131208
3159803,5209150
3160801,3165206
3161056,3127701
3161601,3165503
3162401,3138658
3162708,2924702
3163607,3117405
3163805,3103702
3164407,3113602
3164506,3112307
3164605,3116605
3165008,3147709
3165206,3160801
3165503,3161601
3165552,3112307
3165602,3128501
3165909,3120102
3165909,3113503
3166402,3114808
3167608,3154150
3168606,3113008
3169307,3138708
3169604,3170206
3170107,3529708
3170206,3169604
3170305,3120151
3170305,3106606
3172202,3509700
3200136,3203304
3200607,3202504
3200904,3203304
3201001,3204252
3201308,3205309
3202108,3204252
3202405,3205101
3202504,3204609
3202504,3200607
3202603,3204203
3202702,3204955
3203007,3153509
3203130,3204609
3203205,3204906
3203304,3200136
3203304,3139607
3203304,3200904
3203908,3204906
3204203,3202603
3204252,3201001
3204252,3202108
3204351,3204658
3204609,3202504
3204609,3203130
3204658,3204351
3204906,3203205
3204906,3203908
3204955,3202702
3205101,3202405
3205309,3201308
3300209,3301876
3300209,3305208
3300209,3300258
3300209,3300704
3300233,3300704
3300258,3300209
3300308,3302809
3300605,3302056
3300704,3300209
3300704,3300233
3300803,3305752
3300902,3302056
3300902,3302205
3300936,3301405
3300951,3303708
3301108,3304706
3301405,3300936
3301702,3305109
3301801,3302908
3301876,3300209
3301900,3304300
3302007,3303500
3302056,3304805
3302056,3300902
3302056,3300605
3302205,3300902
3302270,3302908
3302809,3303609
3302809,3300308
3302908,3302270
3302908,3301801
3303005,3305133
3303005,3304706
3303005,3105509
3303203,3305109
3303401,3305703
3303500,3302007
3303609,3302809
3303708,3306206
3303708,3304508
3303708,3306008
3303708,3300951
3303955,3304003
3304003,3303955
3304003,3306305
3304300,3301900
3304409,3306305
3304508,3303708
3304706,3301108
3304706,3303005
3304805,3302056
3305109,3303203
3305109,3301702
3305133,3303005
3305158,3305703
3305208,3300209
3305703,3303401
3305703,3305158
3305752,3300803
3306008,3303708
3306206,3303708
3306305,3304409
3306305,3304003
3500303,3515186
3500758,3554003
3500907,3517505
3501103,3504404
3501152,3519709
3501509,3516705
3501707,3543709
3501806,3510708
3502101,3530102
3502507,3526308
3502606,3535200
3502754,3522505
3502804,3526506
3502804,3530102
3502804,3537404
3503000,3529708
3503208,3516853
3503307,3512704
3503604,3520004
3504008,3528809
3504305,3539400
3504305,3514502
3504305,3538907
3504404,3501103
3504503,3541059
3504602,3532801
3504701,3555901
3504800,3532504
3505104,3557154
3505104,3525706
3505609,3518859
3505708,3550308
3505807,3555000
3506003,3514502
3506102,3531506
3506359,3518701
3506706,3519600
3507209,3541703
3507407,3519105
3507506,3526803
3507506,3547007
3507704,3517109
3507753,3512506
3508207,3525409
3508702,3109501
3508801,3525805
3509106,3541307
3509403,3553302
3509601,3525201
3509700,3150901
3509700,3172202
3509908,3520301
3510005,3516101
3510153,4111803
3510302,3522307
3510609,3534401
3510708,3501806
3510708,3536257
3511201,3555604
3511300,3517505
3511508,3526407
3512506,3507753
3512605,3515400
3512704,3503307
3513702,3540705
3514007,3518602
3514502,3506003
3514502,3504305
3515152,3530805
3515186,3557303
3515186,3500303
3515194,3536570
3515202,3518008
3515400,3512605
3515509,3518008
3515707,3523107
3515806,3521606
3515905,3557105
3516101,3510005
3516705,3501509
3516804,3555208
3516853,3503208
3517109,3507704
3517505,3511300
3517505,3500907
3517802,3521606
3517802,3530102
3517802,3537404
3517901,3519808
3518008,3515509
3518008,3515202
3518008,3520707
3518602,3514007
3518602,3553708
3518701,3506359
3518859,3505609
3519105,3507407
3519204,3537701
3519600,3506706
3519709,3501152
3519808,3517901
3519907,4126405
3519907,3529203
3520004,3503604
3520301,3509908
3520301,3526100
3520442,3523008
3520707,3518008
3520707,3534757
3520905,3546405
3521606,3515806
3521606,3517802
3521804,3535804
3522109,3551009
3522307,3537909
3522307,3510302
3522505,3502754
3523008,3520442
3523107,3515707
3523602,3543907
3524303,3553708
3524303,3531308
3525201,3509601
3525409,3508207
3525706,3537305
3525706,3505104
3525805,3508801
3526100,3520301
3526209,3550308
3526308,3502507
3526407,3511508
3526506,3502804
3526506,3537404
3526803,3507506
3526803,3536703
3527801,3556602
3528304,3557105
3528809,3504008
3528809,4126405
3529203,3519907
3529203,3542206
3529609,3536901
3529658,3535903
3529708,3503000
3529708,3170107
3530102,3502804
3530102,3517802
3530102,3502101
3530102,3537404
3530706,3539301
3530805,3515152
3531001,3533304
3531308,3524303
3531407,3532603
3531506,3506102
3531704,3538006
3531902,3544905
3532157,3542206
3532504,3504800
3532603,3531407
3532801,3504602
3533106,3555109
3533106,3549300
3533304,3531001
3533403,3545803
3533502,3542503
3533908,3551900
3534104,3534500
3534401,3510609
3534500,3534104
3534757,3520707
3535200,3502606
3535804,3521804
3535903,3529658
3536257,3510708
3536307,3112406
3536307,3129707
3536570,3515194
3536703,3526803
3536802,3125101
3536901,3529609
3537008,3129707
3537305,3541604
3537305,3525706
3537404,3502804
3537404,3548054
3537404,3526506
3537404,3530102
3537404,3517802
3537701,3519204
3537800,3557006
3537909,3522307
3538006,3531704
3538303,3543238
3538907,3504305
3539202,4124509
3539301,3530706
3539400,3504305
3539806,3550308
3540200,3544905
3540259,3549250
3540507,3541653
3540705,3546306
3540705,3513702
3541059,3504503
3541307,3509106
3541307,3554300
3541604,3544608
3541604,3537305
3541653,3540507
3541703,3507209
3541703,3542206
3542206,3541703
3542206,3532157
3542206,3529203
3542503,3533502
3543238,3538303
3543709,3501707
3543907,3523602
3544251,4117107
3544251,4107108
3544301,3554102
3544608,3541604
3544905,3540200
3544905,3531902
3545803,3533403
3546108,5001003
3546306,3540705
3546405,3520905
3547007,3507506
3547502,3547601
3547601,3547502
3548054,3537404
3549250,3540259
3549300,3533106
3550308,3526209
3550308,3505708
3550308,3539806
3550506,3555505
3551009,3522109
3551900,3533908
3553302,3509403
3553708,3518602
3553708,3524303
3554003,3500758
3554102,3544301
3554102,3554805
3554300,3541307
3554607,3557204
3554805,3554102
3555000,3505807
3555109,3533106
3555208,3557154
3555208,3516804
3555505,3550506
3555604,3511201
3555901,3504701
3556354,3125101
3556602,3527801
3557006,3537800
3557105,3515905
3557105,3528304
3557154,3505104
3557154,3555208
3557204,3554607
3557303,3515186
4100301,4114302
4100509,4108809
4100806,4120002
4100905,4118402
4101002,4124400
4101002,4119004
4101606,4112009
4101606,4125407
4101606,4109708
4101705,4127908
4101853,4104402
4101903,4124707
4102000,4117909
4102109,4122701
4102109,4110003
4102406,4123907
4102802,4120507
4102901,4120309
4103008,4112959
4103008,4121356
4103107,4122206
4103354,4104808
4103404,4109203
4103404,4124509
4103909,4109302
4103909,4104055
4104006,4116208
4104055,4103909
4104204,4117701
4104402,4121703
4104402,4101853
4104402,4122651
4104402,4111407
4104501,4126355
4104501,4104600
4104600,4104501
4104600,4117255
4104709,4126603
4104709,4112801
4104808,4123824
4104808,4103354
4104808,4127957
4104907,4105201
4105102,4109203
4105102,4116000
4105102,4113809
4105201,4104907
4105300,4128559
4105409,4114401
4105706,4118501
4106001,4117008
4106704,4113601
4106803,4122008
4106852,4108700
4107108,3544251
4107157,4115606
4107157,4128559
4107504,4127205
4107538,4125456
4107603,4122107
4107702,4118808
4107900,4115200
4108106,4123402
4108205,4116703
4108320,4110607
4108403,4121604
4108403,4115408
4108551,4110805
4108601,4112207
4108601,4116109
4108700,4122172
4108700,4106852
4108809,4100509
4108908,4119707
4108908,4118402
4108908,4117107
4108908,4111308
4108908,4127304
4109203,4105102
4109203,4103404
4109302,4103909
4109708,4101606
4109807,4126504
4110003,4102109
4110300,4124202
4110409,4126801
4110607,4108320
4110805,4108551
4110953,4115804
4111209,4118501
4111308,4108908
4111407,4104402
4111555,4121000
4111605,4115200
4111803,3510153
4111902,4116000
4112009,4101606
4112207,4112959
4112207,4121356
4112207,4108601
4112405,4126108
4112603,4118303
4112702,4121307
4112702,4128401
4112801,4126603
4112801,4104709
4112900,4121901
4112959,4114005
4112959,4103008
4112959,4112207
4113007,4127205
4113403,4128401
4113502,4120200
4113502,4125902
4113601,4106704
4113734,4116802
4113809,4105102
4113908,4118600
4114005,4122503
4114005,4112959
4114203,4122701
4114302,4100301
4114401,4105409
4114609,4115853
4114708,4128104
4115002,4125902
4115002,5002001
4115101,4116109
4115200,4111605
4115200,4107900
4115309,4128708
4115408,4108403
4115457,4128658
4115507,4125803
4115606,4107157
4115804,4126355
4115804,4110953
4115853,4114609
4115903,4118402
4116000,4111902
4116000,4105102
4116109,4108601
4116109,4115101
4116208,4104006
4116703,4108205
4116802,4113734
4116901,4128302
4117008,4106001
4117107,4108908
4117107,4127304
4117107,3544251
4117206,4126900
4117222,4117909
4117255,4104600
4117701,4104204
4117909,4102000
4117909,4117222
4118006,4126702
4118303,4112603
4118402,4115903
4118402,4100905
4118402,4108908
4118501,4105706
4118501,4111209
4118600,4113908
4118600,4128203
4118709,4128203
4118808,4107702
4119004,4120358
4119004,4101002
4119400,4128633
4119707,4108908
4119707,4123956
4120002,4100806
4120200,4123303
4120200,4121000
4120200,4113502
4120309,4102901
4120358,4119004
4120507,4126504
4120507,4102802
4121000,4111555
4121000,4120200
4121307,4112702
4121307,4128401
4121356,4103008
4121356,4112207
4121604,4108403
4121703,4104402
4121901,4112900
4122008,4106803
4122107,4107603
4122172,4108700
4122206,4103107
4122503,4114005
4122602,4125555
4122651,4104402
4122701,4114203
4122701,4102109
4123303,4120200
4123402,4108106
4123600,4124509
4123824,4104808
4123907,4102406
4123956,4119707
4124020,4127700
4124202,4124905
4124202,4110300
4124400,4101002
4124509,4103404
4124509,4123600
4124509,3539202
4124608,4125308
4124608,4125555
4124707,4101903
4124905,4124202
4125308,4124608
4125357,5004601
4125407,4101606
4125456,4107538
4125555,4122602
4125555,4124608
4125803,4115507
4125902,4113502
4125902,4115002
4126108,4112405
4126272,4126652
4126355,4104501
4126355,4115804
4126405,3528809
4126405,3519907
4126504,4109807
4126504,4120507
4126603,4104709
4126603,4112801
4126652,4126272
4126702,4118006
4126801,4110409
4126900,4117206
4127205,4107504
4127205,4113007
4127304,4108908
4127304,4117107
4127700,4124020
4127908,4101705
4127957,4104808
4128104,4114708
4128104,4128625
4128203,4118600
4128203,4118709
4128302,4116901
4128401,4112702
4128401,4121307
4128401,4113403
4128559,4105300
4128559,4107157
4128625,4128104
4128633,4119400
4128658,4115457
4128708,4115309
4200101,4205308
4200408,4203006
4200507,4213153
4200804,4215208
4201109,4217105
4201257,4201703
4201307,4202057
4201406,4202073
4201406,4217709
4201406,4220000
4201653,4204202
4201653,4219606
4201703,4201257
4201802,4208500
4201950,4202073
4201950,4217709
4202008,4208302
4202057,4201307
4202073,4212254
4202073,4216404
4202073,4201950
4202073,4201406
4202578,4210902
4202800,4211702
4203006,4205506
4203006,4200408
4203204,4213500
4203600,4206801
4203956,4206207
4204152,4314464
4204202,4201653
4204202,4211454
4204251,4204608
4204350,4204400
4204400,4204350
4204400,4209458
4204400,4210555
4204608,4204251
4204905,4217204
4205175,4219507
4205191,4217709
4205191,4208708
4205308,4200101
4205407,4206009
4205506,4203006
4205803,4216206
4206009,4205407
4206207,4217006
4206207,4203956
4206603,4214151
4206702,4206751
4206751,4206702
4206801,4203600
4206801,4213005
4207205,4212650
4207304,4209409
4207304,4212304
4207502,4214102
4207502,4213203
4207759,4210506
4207858,4208955
4208302,4202008
4208401,4211009
4208450,4216206
4208500,4201802
4208609,4211801
4208708,4217709
4208708,4205191
4208807,4218400
4208955,4207858
4209409,4207304
4209458,4219705
4209458,4204400
4209706,4214409
4210506,4207759
4210555,4219705
4210555,4204400
4210902,4202578
4211009,4208401
4211454,4204202
4211702,4202800
4211801,4208609
4212254,4202073
4212254,4215653
4212304,4207304
4212403,4218400
4212650,4207205
4213005,4206801
4213005,4219309
4213153,4200507
4213203,4207502
4213500,4203204
4213708,4217808
4214102,4207502
4214151,4206603
4214409,4209706
4214706,4218202
4215208,4200804
4215356,4217550
4215356,4215752
4215455,4218400
4215604,4217105
4215653,4212254
4215703,4217253
4215752,4215356
4216008,4217303
4216206,4208450
4216206,4205803
4216404,4202073
4217006,4206207
4217105,4215604
4217105,4201109
4217204,4204905
4217253,4215703
4217303,4216008
4217550,4215356
4217600,4219002
4217709,4208708
4217709,4205191
4217709,4201950
4217709,4201406
4217808,4213708
4217808,4219408
4218103,4218806
4218202,4214706
4218400,4208807
4218400,4215455
4218400,4212403
4218806,4218103
4219002,4217600
4219309,4213005
4219408,4217808
4219507,4205175
4219606,4201653
4219705,4209458
4219705,4210555
4220000,4201406
4300034,4309654
4300109,4314027
4300109,4311239
4300109,4309753
4300406,4322400
4300455,4310413
4300505,4312708
4300570,4302352
4300570,4319752
4300570,4307906
4300703,4301404
4300877,4319901
4301008,4321626
4301057,4321436
4301057,4321667
4301057,4306551
4301057,4321501
4301107,4311981
4301404,4315206
4301404,4300703
4301503,4307831
4301636,4305454
4301651,4322251
4301651,4319356
4301701,4314134
4301701,4314787
4301701,4307005
4301701,4319703
4301701,4310702
4301859,4323705
4301859,4321402
4302006,4320800
4302055,4307203
4302055,4312708
4302105,4312385
4302253,4314753
4302253,4323770
4302253,4310363
4302253,4305934
4302303,4322509
4302352,4300570
4302402,4307807
4302451,4320677
4302501,4317707
4302600,4315404
4302659,4314159
4302659,4311791
4302709,4306502
4302709,4318408
4302709,4312252
4302808,4314506
4303004,4304200
4303004,4314027
4303103,4309209
4303509,4318804
4303558,4320800
4303558,4311809
4303806,4310900
4303806,4314787
4303905,4313409
4303905,4306403
4304002,4309704
4304101,4315354
4304200,4315701
4304200,4303004
4304200,4313391
4304358,4309654
4304507,4306056
4304630,4323804
4304630,4321436
4304663,4314209
4304671,4323002
4304671,4317608
4304689,4313375
4304697,4313003
4304697,4306809
4304705,4317756
4304804,4319752
4304853,4305116
4304853,4312203
4304853,4322905
4304903,4312351
4304903,4312807
4304952,4305504
4305009,4317509
4305009,4310405
4305108,4307906
4305116,4304853
4305116,4322905
4305124,4314605
4305207,4309506
4305207,4316477
4305306,4316709
4305439,4317301
4305454,4301636
4305454,4321600
4305454,4313508
4305504,4317558
4305504,4304952
4305587,4307807
4305587,4315800
4305702,4313706
4305702,4317806
4305801,4311601
4305934,4302253
4305934,4317251
4305959,4312385
4305959,4319711
4305959,4307864
4305959,4322806
4306056,4304507
4306205,4311403
4306353,4318903
4306353,4319208
4306403,4303905
4306403,4319901
4306403,4312476
4306452,4309407
4306502,4302709
4306551,4301057
4306551,4321501
4306700,4308003
4306700,4313102
4306759,4315206
4306767,4311981
4306767,4322004
4306809,4304697
4306809,4312609
4306809,4315453
4306924,4316105
4306973,4308904
4307005,4314134
4307005,4308904
4307005,4301701
4307005,4321634
4307203,4302055
4307203,4308052
4307203,4312708
4307450,4321477
4307500,4310876
4307500,4320305
4307500,4320800
4307559,4320503
4307559,4310462
4307609,4318705
4307807,4302402
4307807,4321451
4307807,4305587
4307815,4309753
4307831,4301503
4307864,4305959
4307864,4323309
4307906,4300570
4307906,4314548
4307906,4305108
4308003,4320651
4308003,4306700
4308003,4310751
4308003,4313102
4308052,4307203
4308078,4314159
4308078,4321451
4308102,4311643
4308102,4313201
4308409,4316907
4308607,4317251
4308656,4318002
4308706,4322905
4308805,4318408
4308805,4322525
4308854,4312138
4308904,4306973
4308904,4307005
4309050,4323002
4309050,4317608
4309209,4303103
4309209,4313409
4309407,4306452
4309407,4322350
4309506,4305207
4309654,4304358
4309654,4300034
4309704,4304002
4309753,4300109
4309753,4313102
4309753,4307815
4309902,4312625
4310009,4315354
4310330,4321600
4310330,4313508
4310363,4302253
4310363,4315800
4310405,4305009
4310413,4319737
4310413,4300455
4310462,4307559
4310538,4311205
4310603,4318002
4310603,4322400
4310702,4301701
4310751,4320651
4310751,4308003
4310751,4311205
4310850,4313441
4310850,4320206
4310876,4316451
4310876,4307500
4310900,4303806
4311205,4316907
4311205,4310538
4311205,4310751
4311239,4300109
4311304,4322186
4311403,4306205
4311403,4312054
4311502,4316972
4311601,4321956
4311601,4305801
4311643,4308102
4311700,4318606
4311718,4318002
4311734,4321501
4311759,4318101
4311775,4323804
4311791,4302659
4311809,4303558
4311809,4323408
4311809,4317558
4311908,4320602
4311981,4306767
4311981,4301107
4312054,4311403
4312138,4308854
4312203,4313607
4312203,4304853
4312252,4315701
4312252,4302709
4312252,4322525
4312351,4322350
4312351,4304903
4312385,4302105
4312385,4305959
4312443,4321667
4312476,4306403
4312500,4321352
4312500,4313656
4312609,4306809
4312609,4322855
4312625,4309902
4312708,4302055
4312708,4307203
4312708,4300505
4312757,4322350
4312757,4323408
4312807,4304903
4312906,4323606
4313003,4304697
4313003,4321626
4313060,4316956
4313102,4306700
4313102,4308003
4313102,4309753
4313201,4308102
4313201,4314423
4313300,4323606
4313300,4323309
4313334,4313706
4313375,4320008
4313375,4304689
4313391,4304200
4313409,4309209
4313409,4303905
4313425,4322103
4313441,4310850
4313441,4315909
4313508,4305454
4313508,4321600
4313508,4317608
4313508,4310330
4313607,4312203
4313656,4312500
4313706,4316709
4313706,4305702
4313706,4313334
4313953,4318408
4314027,4303004
4314027,4300109
4314076,4322525
4314134,4307005
4314134,4301701
4314159,4308078
4314159,4302659
4314209,4304663
4314407,4315602
4314423,4318481
4314423,4315149
4314423,4313201
4314456,4315909
4314464,4204152
4314506,4302808
4314548,4307906
4314605,4305124
4314704,4315909
4314753,4316501
4314753,4302253
4314787,4303806
4314787,4301701
4314787,4319703
4314902,4322004
4315073,4317905
4315107,4319307
4315131,4315156
4315149,4314423
4315156,4315131
4315206,4306759
4315206,4301404
4315354,4304101
4315354,4310009
4315404,4302600
4315453,4306809
4315602,4314407
4315602,4317301
4315701,4304200
4315701,4312252
4315800,4305587
4315800,4310363
4315800,4317251
4315909,4313441
4315909,4314456
4315909,4314704
4315958,4316477
4316105,4320107
4316105,4316204
4316105,4306924
4316204,4316105
4316428,4319364
4316451,4310876
4316477,4315958
4316477,4305207
4316501,4314753
4316501,4322251
4316709,4305306
4316709,4313706
4316907,4308409
4316907,4311205
4316956,4313060
4316956,4321709
4316972,4311502
4317202,4317905
4317202,4321808
4317202,4322301
4317251,4305934
4317251,4315800
4317251,4308607
4317301,4315602
4317301,4305439
4317509,4305009
4317558,4311809
4317558,4323408
4317558,4318051
4317558,4305504
4317608,4323002
4317608,4304671
4317608,4313508
4317608,4309050
4317707,4302501
4317756,4304705
4317806,4305702
4317806,4319737
4317806,4319109
4317905,4317202
4317905,4315073
4317905,4322301
4318002,4311718
4318002,4308656
4318002,4310603
4318051,4317558
4318101,4311759
4318408,4313953
4318408,4302709
4318408,4308805
4318481,4314423
4318507,4321352
4318606,4311700
4318614,4322251
4318705,4320008
4318705,4307609
4318804,4303509
4318903,4306353
4319109,4317806
4319208,4306353
4319307,4319372
4319307,4315107
4319356,4322251
4319356,4301651
4319364,4316428
4319372,4319307
4319703,4314787
4319703,4301701
4319711,4305959
4319737,4310413
4319737,4317806
4319752,4300570
4319752,4304804
4319901,4300877
4319901,4306403
4320008,4313375
4320008,4318705
4320107,4316105
4320206,4310850
4320206,4321329
4320263,4320701
4320305,4307500
4320503,4307559
4320602,4322905
4320602,4311908
4320651,4308003
4320651,4310751
4320677,4322707
4320677,4322533
4320677,4322608
4320677,4302451
4320701,4320263
4320800,4302006
4320800,4307500
4320800,4303558
4320859,4321303
4320859,4322004
4321303,4322608
4321303,4320859
4321303,4322004
4321329,4320206
4321352,4318507
4321352,4312500
4321402,4301859
4321436,4304630
4321436,4301057
4321436,4321667
4321451,4308078
4321451,4307807
4321451,4323770
4321477,4321907
4321477,4307450
4321501,4301057
4321501,4321667
4321501,4306551
4321501,4311734
4321600,4305454
4321600,4313508
4321600,4310330
4321626,4301008
4321626,4313003
4321634,4307005
4321634,4322905
4321667,4321436
4321667,4301057
4321667,4321832
4321667,4312443
4321667,4321501
4321709,4316956
4321808,4317202
4321808,4322103
4321832,4321667
4321907,4321477
4321956,4311601
4322004,4314902
4322004,4306767
4322004,4321303
4322004,4320859
4322103,4321808
4322103,4313425
4322186,4311304
4322251,4318614
4322251,4316501
4322251,4319356
4322251,4301651
4322301,4317202
4322301,4317905
4322350,4309407
4322350,4312757
4322350,4312351
4322400,4300406
4322400,4310603
4322509,4302303
4322525,4314076
4322525,4312252
4322525,4308805
4322533,4320677
4322608,4321303
4322608,4320677
4322707,4320677
4322806,4305959
4322806,4323309
4322855,4312609
4322905,4305116
4322905,4304853
4322905,4308706
4322905,4321634
4322905,4320602
4323002,4304671
4323002,4309050
4323002,4317608
4323309,4307864
4323309,4313300
4323309,4322806
4323408,4312757
4323408,4311809
4323408,4317558
4323606,4313300
4323606,4312906
4323705,4301859
4323770,4321451
4323770,4302253
4323804,4304630
4323804,4311775
5001003,3546108
5001102,5007307
5001243,5003157
5002001,4115002
5002159,5002209
5002159,5003207
5002209,5002159
5002407,5008404
5003157,5001243
5003207,5002159
5003207,5003306
5003207,5005608
5003306,5003207
5004007,5004700
5004007,5006259
5004601,4125357
5004700,5004007
5004809,5007703
5005608,5003207
5006259,5004007
5007307,5001102
5007703,5004809
5008404,5002407
5100201,5102702
5100300,5100409
5100300,5104609
5100409,5100300
5101258,5101704
5101704,5105002
5101704,5101258
5101704,5108352
5101704,5107701
5102603,5102702
5102702,5100201
5102702,5102603
5103254,1303304
5103361,5105507
5103403,5106109
5103452,5106000
5103502,5108907
5103809,5103957
5103957,5107107
5103957,5103809
5104104,1505031
5104526,5104542
5104542,5104526
5104542,5106802
5104609,5100300
5105002,5101704
5105150,1100098
5105150,5105176
5105176,5105150
5105309,5107859
5105507,5103361
5106000,5103452
5106109,5107800
5106109,5103403
5106281,5107792
5106802,5104542
5106828,5107107
5107107,5106828
5107107,5103957
5107578,1100049
5107701,5101704
5107792,5106281
5107800,5106109
5107800,5108402
5107859,5105309
5108352,5101704
5108402,5107800
5108600,1506708
5108907,5103502
5200050,5201801
5200050,5201405
5200175,5208004
5200605,5205521
5200803,3126208
5201207,5206602
5201405,5200050
5201702,5203401
5201801,5209200
5201801,5200050
5201801,5208707
5202155,5214705
5203401,5201702
5203559,5208707
5203807,5211008
5204409,5216403
5204557,5212303
5204706,5221452
5204904,1715150
5204904,5219803
5205000,5220280
5205109,3127909
5205471,5213103
5205521,5200605
5206305,5219209
5206404,5218904
5206602,5201207
5206800,5211404
5208004,5200175
5208103,5213087
5208707,5201801
5208707,5203559
5209150,3131406
5209150,3159803
5209200,5201801
5209705,5212600
5209937,3131406
5210000,5216809
5210406,5221700
5210562,5221007
5211008,5203807
5211404,5206800
5211503,3115805
5211602,5213756
5212303,5204557
5212600,5213806
5212600,5209705
5212808,5214101
5213087,5208103
5213103,5205471
5213756,5211602
5213806,5212600
5214101,5212808
5214507,5215009
5214705,5202155
5215009,5214507
5215702,5221502
5216304,5220405
5216403,5204409
5216809,5210000
5217104,5217708
5217401,5220264
5217708,5217104
5218904,5206404
5219209,5206305
5219803,5204904
5220108,5221502
5220264,5217401
5220280,5205000
5220405,5216304
5221007,5210562
5221452,5204706
5221502,5215702
5221502,5220108
5221700,5210406
